Title, Image, Link, Price, Reviews, Stars
"Dremel Multiherramienta 3000 130W, juego de 1 herramienta y 25 accesorios, velocidad de 10,000 a 33,000 RPM para corte, 3.2 mm, rectificado, grabado, pulido, afilado, limpieza, Negro, Azul, Plata","https://m.media-amazon.com/images/I/81uWbhFd63L._AC_UL320_.jpg","https://amazon.com/sspa/click?ie=UTF8&spc=MTo1ODU1MDA1OTMyOTE3MTgzOjE2NjI3NzE1OTk6c3BfYXRmOjIwMDI5NjkzNTEzMjAyOjowOjo&sp_csd=d2lkZ2V0TmFtZT1zcF9hdGY&url=%2FDremel-3000-1-25-130-multi-herramientas%2Fdp%2FB014UXZHGY%2Fref%3Dsr_1_1_sspa%3F__mk_es_ES%3D%25C3%2585M%25C3%2585%25C5%25BD%25C3%2595%25C3%2591%26crid%3DJM0M4TQV7XI2%26keywords%3Ddremel%26qid%3D1662771599%26sprefix%3Ddremel%252Caps%252C105%26sr%3D8-1-spons%26psc%3D1","80,80 €"
"Dremel Lite 7760 - Multiherramienta Inalámbrica, Batería de Litio 3.6 V, Kit con 15 Accesorios, Cargador USB, Velocidad 8000-25000 RPM para Tallar, Grabar, Amolar, Limpiar, Pulir, Afilar y Lijar","https://m.media-amazon.com/images/I/71X-G-yrlpL._AC_UL320_.jpg","https://amazon.com/sspa/click?ie=UTF8&spc=MTo1ODU1MDA1OTMyOTE3MTgzOjE2NjI3NzE1OTk6c3BfYXRmOjIwMDI5NzAyNjEzMzAyOjowOjo&sp_csd=d2lkZ2V0TmFtZT1zcF9hdGY&url=%2FDremel-Lite-7760-Multiherramienta-Inal%25C3%25A1mbrica%2Fdp%2FB07RCHZYT6%2Fref%3Dsr_1_2_sspa%3F__mk_es_ES%3D%25C3%2585M%25C3%2585%25C5%25BD%25C3%2595%25C3%2591%26crid%3DJM0M4TQV7XI2%26keywords%3Ddremel%26qid%3D1662771599%26sprefix%3Ddremel%252Caps%252C105%26sr%3D8-2-spons%26psc%3D1","76,27 €86,58 €"
"Dremel Platinum Edition 8220 - Multiherramienta inalámbrica, 12V, kit 5 complementos, 65 accesorios, velocidad 5.000 - 35.000 rpm para tallar, grabar, fresar, amolar, pulir, cortar y lijar, Negro/Gris","https://m.media-amazon.com/images/I/81C-1lOwjPL._AC_UL320_.jpg","https://amazon.com/sspa/click?ie=UTF8&spc=MTo1ODU1MDA1OTMyOTE3MTgzOjE2NjI3NzE1OTk6c3BfYXRmOjIwMDI5NzAyNjEyOTAyOjowOjo&sp_csd=d2lkZ2V0TmFtZT1zcF9hdGY&url=%2FDREMEL-8220-Multiherramienta-inal%25C3%25A1mbrica-complementos%2Fdp%2FB074G259DT%2Fref%3Dsr_1_3_sspa%3F__mk_es_ES%3D%25C3%2585M%25C3%2585%25C5%25BD%25C3%2595%25C3%2591%26crid%3DJM0M4TQV7XI2%26keywords%3Ddremel%26qid%3D1662771599%26sprefix%3Ddremel%252Caps%252C105%26sr%3D8-3-spons%26psc%3D1","187,50 €"
"Mini Amoladora Eléctrica, GOXAWEE Multiherramienta con Portabrocas Sin Llave/Eje Flexible 140 Accesorios Herramienta Rotativa multifunción, Velocidad Variable para Manualidad y Creación Bricolaje","https://m.media-amazon.com/images/I/7157yVGAdkL._AC_UL320_.jpg","https://amazon.com/sspa/click?ie=UTF8&spc=MTo1ODU1MDA1OTMyOTE3MTgzOjE2NjI3NzE1OTk6c3BfYXRmOjIwMDI0MzY3ODk4NzA2OjowOjo&sp_csd=d2lkZ2V0TmFtZT1zcF9hdGY&url=%2FGOXAWEE-Multiherramienta-Herramienta-Multifunci%25C3%25B3n-Portabrocas%2Fdp%2FB07FVMLJ73%2Fref%3Dsr_1_4_sspa%3F__mk_es_ES%3D%25C3%2585M%25C3%2585%25C5%25BD%25C3%2595%25C3%2591%26crid%3DJM0M4TQV7XI2%26keywords%3Ddremel%26qid%3D1662771599%26sprefix%3Ddremel%252Caps%252C105%26sr%3D8-4-spons%26psc%3D1","43,99 €"
"Dremel Multiherramienta 3000 130W, juego de 1 herramienta y 25 accesorios, velocidad de 10,000 a 33,000 RPM para corte, 3.2 mm, rectificado, grabado, pulido, afilado, limpieza, Negro, Azul, Plata","https://m.media-amazon.com/images/I/81uWbhFd63L._AC_UL320_.jpg","https://amazon.com/Dremel-3000-1-25-130-multi-herramientas/dp/B014UXZHGY/ref=sr_1_5?__mk_es_ES=%C3%85M%C3%85%C5%BD%C3%95%C3%91&crid=JM0M4TQV7XI2&keywords=dremel&qid=1662771599&sprefix=dremel%2Caps%2C105&sr=8-5","80,80 €"
"Dremel Platinum Edition 4000 - Multiherramienta, 175 W, kit con 6 complementos, 128 accesorios, velocidad 5.000 - 35.000 rpm para tallar, fresar, amolar, limpiar, pulir, cortar, lijar y grabar","https://m.media-amazon.com/images/I/91xGjsRFq6L._AC_UL320_.jpg","https://amazon.com/Dremel-Platinum-4000-6-128-Multiherramienta/dp/B005OQECL8/ref=sr_1_6?__mk_es_ES=%C3%85M%C3%85%C5%BD%C3%95%C3%91&crid=JM0M4TQV7XI2&keywords=dremel&qid=1662771599&sprefix=dremel%2Caps%2C105&sr=8-6","152,20 €220,22 €"
"Dremel 3000 5 - Multiherramienta, 130 W, con 5 accesorios (Versión Español)","https://m.media-amazon.com/images/I/71EQ7eBuQHL._AC_UL320_.jpg","https://amazon.com/Dremel-3000-Multiherramienta-130-accesorios/dp/B01NAYRDR5/ref=sr_1_7?__mk_es_ES=%C3%85M%C3%85%C5%BD%C3%95%C3%91&crid=JM0M4TQV7XI2&keywords=dremel&qid=1662771599&sprefix=dremel%2Caps%2C105&sr=8-7","46,50 €66,04 €"
"Dremel Platinum Edition 8220 - Multiherramienta inalámbrica, 12V, kit 5 complementos, 65 accesorios, velocidad 5.000 - 35.000 rpm para tallar, grabar, fresar, amolar, pulir, cortar y lijar, Negro/Gris","https://m.media-amazon.com/images/I/81C-1lOwjPL._AC_UL320_.jpg","https://amazon.com/DREMEL-8220-Multiherramienta-inal%C3%A1mbrica-complementos/dp/B074G259DT/ref=sr_1_8?__mk_es_ES=%C3%85M%C3%85%C5%BD%C3%95%C3%91&crid=JM0M4TQV7XI2&keywords=dremel&qid=1662771599&sprefix=dremel%2Caps%2C105&sr=8-8","187,50 €"
"Dremel 3000 - Multiherramienta 130 W, kit con 15 accesorios y estuche, velocidad variable 10.000 - 33.000 rpm para tallar, grabar, fresar, amolar, limpiar, pulir, cortar y lijar (Versión Español)","https://m.media-amazon.com/images/I/91e2QO2OEkL._AC_UL320_.jpg","https://amazon.com/Dremel-3000-Multiherramienta-accesorios-estuche/dp/B00AO2N9JI/ref=sr_1_9?__mk_es_ES=%C3%85M%C3%85%C5%BD%C3%95%C3%91&crid=JM0M4TQV7XI2&keywords=dremel&qid=1662771599&sprefix=dremel%2Caps%2C105&sr=8-9","62,38 €78,80 €"
"Dremel SC724 Kit de 150 Accesorios Variados - Juego de Accesorios para Herramienta Rotativa para Tallar, Fresar, Amolar, Limpiar, Pulir, Cortar, Lijar y Grabar, Color Azul","https://m.media-amazon.com/images/I/71svG7J2R6L._AC_UL320_.jpg","https://amazon.com/Dremel-S724-JA-accesorios-variados/dp/B00NNJI7GY/ref=sr_1_10?__mk_es_ES=%C3%85M%C3%85%C5%BD%C3%95%C3%91&crid=JM0M4TQV7XI2&keywords=dremel&qid=1662771599&sprefix=dremel%2Caps%2C105&sr=8-10","43,49 €55,30 €"
"Dremel Lite 7760 - Multiherramienta Inalámbrica, Batería de Litio 3.6 V, Kit con 15 Accesorios, Cargador USB, Velocidad 8000-25000 RPM para Tallar, Grabar, Amolar, Limpiar, Pulir, Afilar y Lijar","https://m.media-amazon.com/images/I/71X-G-yrlpL._AC_UL320_.jpg","https://amazon.com/Dremel-Lite-7760-Multiherramienta-Inal%C3%A1mbrica/dp/B07RCHZYT6/ref=sr_1_11?__mk_es_ES=%C3%85M%C3%85%C5%BD%C3%95%C3%91&crid=JM0M4TQV7XI2&keywords=dremel&qid=1662771599&sprefix=dremel%2Caps%2C105&sr=8-11","76,27 €86,58 €"
"Dremel 4250 Herramienta rotativa de 175 W, kit de multiherramienta con 35 accesorios, motor de 175 W con retroalimentación electrónica, velocidad variable de 5000-35 000 rpm","https://m.media-amazon.com/images/I/81fez4o1JTS._AC_UL320_.jpg","https://amazon.com/Dremel-4250-multiherramienta-retroalimentaci%C3%B3n-5000-35-000-rpm/dp/B092ZDVNBN/ref=sr_1_12?__mk_es_ES=%C3%85M%C3%85%C5%BD%C3%95%C3%91&crid=JM0M4TQV7XI2&keywords=dremel&qid=1662771599&sprefix=dremel%2Caps%2C105&sr=8-12","118,73 €125,71 €"
"Dremel 421 Compuesto para pulir, Pasta de pulir para producir un alto brillo en películas oxidadas opacas e imperfecciones en materiales metálicos y plásticos","https://m.media-amazon.com/images/I/61wMIJQ1iKS._AC_UL320_.jpg","https://amazon.com/Dremel-421-Compuesto-de-pulido/dp/B000R5H95W/ref=sr_1_13?__mk_es_ES=%C3%85M%C3%85%C5%BD%C3%95%C3%91&crid=JM0M4TQV7XI2&keywords=dremel&qid=1662771599&sprefix=dremel%2Caps%2C105&sr=8-13","3,30 €3,41 €"
"Dremel 4000 - Multiherramienta, 175 W, kit con 1 complemento, 45 accesorios, velocidad variable 5.000 - 35.000 rpm para tallar, grabar, fresar, amolar, limpiar, pulir, cortar y lijar","https://m.media-amazon.com/images/I/51jcQe1ff5L._AC_UL320_.jpg","https://amazon.com/Dremel-4000-1-Multiherramienta-complemento-accesorios/dp/B007KI7TH2/ref=sr_1_14?__mk_es_ES=%C3%85M%C3%85%C5%BD%C3%95%C3%91&crid=JM0M4TQV7XI2&keywords=dremel&qid=1662771599&sprefix=dremel%2Caps%2C105&sr=8-14","119,97 €125,00 €"
"Dremel 335 Complemento Herramientas Rotatorias para Fresar por Inmersión, longitud de Trabajo 70mm, Profundidad de Trabajo 18cm [Clase de eficiencia energética A]","https://m.media-amazon.com/images/I/71gNRdnW+2L._AC_UL320_.jpg","https://amazon.com/Dremel-Complemento-para-fresar-inmersi%C3%B3n/dp/B0009EQ5QA/ref=sr_1_15?__mk_es_ES=%C3%85M%C3%85%C5%BD%C3%95%C3%91&crid=JM0M4TQV7XI2&keywords=dremel&qid=1662771599&sprefix=dremel%2Caps%2C105&sr=8-15","29,79 €42,60 €"
"Dremel EZ SpeedClic SC456B Paquete de 12 discos de corte de metal, 12 discos de corte con 38 mm de diámetro para herramientas rotativas","https://m.media-amazon.com/images/I/71Ve0nNyOmL._AC_UL320_.jpg","https://amazon.com/DREMEL-SC456B-Disco-corte-metal/dp/B001DH7X22/ref=sr_1_16?__mk_es_ES=%C3%85M%C3%85%C5%BD%C3%95%C3%91&crid=JM0M4TQV7XI2&keywords=dremel&qid=1662771599&sprefix=dremel%2Caps%2C105&sr=8-16","20,14 €"
"GALAX PRO 135W Amoladora Eléctrica,6 Velocidades Variables (8000-32500 RPM) Mini Herramienta Rotativa, 40 Accesorios, Juego de Taladro con eje Flexible, Mandril Universal con Estuche","https://m.media-amazon.com/images/I/41ltuHw0XnL._AC_UL320_.jpg","https://amazon.com/sspa/click?ie=UTF8&spc=MTo1ODU1MDA1OTMyOTE3MTgzOjE2NjI3NzE1OTk6c3BfbXRmOjIwMDYwNTk1MDQ2MjA0OjowOjo&sp_csd=d2lkZ2V0TmFtZT1zcF9tdGY&url=%2FGALAX-PRO-Velocidades-8000-32500-Herramienta%2Fdp%2FB08HQB3FFK%2Fref%3Dsr_1_17_sspa%3F__mk_es_ES%3D%25C3%2585M%25C3%2585%25C5%25BD%25C3%2595%25C3%2591%26crid%3DJM0M4TQV7XI2%26keywords%3Ddremel%26qid%3D1662771599%26sprefix%3Ddremel%252Caps%252C105%26sr%3D8-17-spons%26psc%3D1","26,68 €"
"Mini Amoladora, SPTA 18W Amoladora eléctrica, Kit de herramientas rotatorias multifunción Multiherramienta Mini herramienta con 33 accesorios para los DIY Trabajos de Cortar/Lijar/Pulir -AHMRT18VAC","https://m.media-amazon.com/images/I/61BkrqZkSaL._AC_UL320_.jpg","https://amazon.com/sspa/click?ie=UTF8&spc=MTo1ODU1MDA1OTMyOTE3MTgzOjE2NjI3NzE1OTk6c3BfbXRmOjIwMDQxMTI4ODQ2MjAxOjowOjo&sp_csd=d2lkZ2V0TmFtZT1zcF9tdGY&url=%2FSPTA-Profesional-herramientas-multifunci%25C3%25B3n-Multiherramienta%2Fdp%2FB07DK1LQKN%2Fref%3Dsr_1_18_sspa%3F__mk_es_ES%3D%25C3%2585M%25C3%2585%25C5%25BD%25C3%2595%25C3%2591%26crid%3DJM0M4TQV7XI2%26keywords%3Ddremel%26qid%3D1662771599%26sprefix%3Ddremel%252Caps%252C105%26sr%3D8-18-spons%26psc%3D1","22,99 €"
"DEWINNER 156 Accesorios herramientas giratorias multifuncionales, 135 W, mini amoladora eléctrica herramienta rotativa eléctrica, ideal para cortar, grabar, lijar, taladrar y pulir","https://m.media-amazon.com/images/I/71ExCybQrpL._AC_UL320_.jpg","https://amazon.com/sspa/click?ie=UTF8&spc=MTo1ODU1MDA1OTMyOTE3MTgzOjE2NjI3NzE1OTk6c3BfbXRmOjIwMDU0NDQ0MDExNDk4OjowOjo&sp_csd=d2lkZ2V0TmFtZT1zcF9tdGY&url=%2FDEWINNER-Accesorios-herramientas-multifuncionales-herramienta%2Fdp%2FB09YYHY3PF%2Fref%3Dsr_1_19_sspa%3F__mk_es_ES%3D%25C3%2585M%25C3%2585%25C5%25BD%25C3%2595%25C3%2591%26crid%3DJM0M4TQV7XI2%26keywords%3Ddremel%26qid%3D1662771599%26sprefix%3Ddremel%252Caps%252C105%26sr%3D8-19-spons%26psc%3D1","31,99 €"
"Accesorio para herramientas rotativas Dremel 4486 Multi Chuck (0,8 - 3,2 mm) para cambiar accesorios","https://m.media-amazon.com/images/I/51MmSvP1YuL._AC_UL320_.jpg","https://amazon.com/DREMEL-4486-Portabrocas-cierre-r%C3%A1pido/dp/B0002SMMY2/ref=sr_1_20?__mk_es_ES=%C3%85M%C3%85%C5%BD%C3%95%C3%91&crid=JM0M4TQV7XI2&keywords=dremel&qid=1662771599&sprefix=dremel%2Caps%2C105&sr=8-20","13,58 €15,29 €"
"Dremel Módulo de luz, complemento de luz LED para disfrutar de una alta visibilidad al utilizar multiherramientas Dremel","https://m.media-amazon.com/images/I/61uVHeKhHaS._AC_UL320_.jpg","https://amazon.com/Dremel-26150LM1JA-M%C3%B3dulo-luz-Multi/dp/B093GZQ731/ref=sr_1_21?__mk_es_ES=%C3%85M%C3%85%C5%BD%C3%95%C3%91&crid=JM0M4TQV7XI2&keywords=dremel&qid=1662771599&sprefix=dremel%2Caps%2C105&sr=8-21","13,37 €15,20 €"
"Dremel Workstation 220 - Centro de trabajo y soporte para taladro o soporte para multiherramienta","https://m.media-amazon.com/images/I/61mIotAUiIL._AC_UL320_.jpg","https://amazon.com/Dremel-Workstation-TM-220/dp/B0012RQG94/ref=sr_1_22?__mk_es_ES=%C3%85M%C3%85%C5%BD%C3%95%C3%91&crid=JM0M4TQV7XI2&keywords=dremel&qid=1662771599&sprefix=dremel%2Caps%2C105&sr=8-22","53,95 €71,15 €"
"Dremel Moto-Saw MS20 - Sierra de calar estacionaria, 70 W, sierra de calar eléctrica con 1 complemento y 5 accesorios","https://m.media-amazon.com/images/I/51MREcvmA+L._AC_UL320_.jpg","https://amazon.com/Dremel-Moto-Saw-MS20-1-estacionaria-complemento/dp/B0097CYDXM/ref=sr_1_23?__mk_es_ES=%C3%85M%C3%85%C5%BD%C3%95%C3%91&crid=JM0M4TQV7XI2&keywords=dremel&qid=1662771599&sprefix=dremel%2Caps%2C105&sr=8-23","114,99 €152,97 €"
"Mordaza estacionaria Dremel, pinza autónoma y portaherramientas 26152500JA [Clase de energía A]","https://m.media-amazon.com/images/I/51EKeL6beUL._AC_UL320_.jpg","https://amazon.com/Dremel-26152500JA-Multi-Vise-TM/dp/B000QG79ZW/ref=sr_1_24?__mk_es_ES=%C3%85M%C3%85%C5%BD%C3%95%C3%91&crid=JM0M4TQV7XI2&keywords=dremel&qid=1662771599&sprefix=dremel%2Caps%2C105&sr=8-24","34,99 €45,80 €"
"Dremel 225 Eje Flexible para multiherramientas Dremel","https://m.media-amazon.com/images/I/71UYPTO0Z0L._AC_UL320_.jpg","https://amazon.com/Dremel-26150225JA-225-Eje-flexible/dp/B008ETGPOY/ref=sr_1_25?__mk_es_ES=%C3%85M%C3%85%C5%BD%C3%95%C3%91&crid=JM0M4TQV7XI2&keywords=dremel&qid=1662771599&sprefix=dremel%2Caps%2C105&sr=8-25","36,90 €42,40 €"
"Dremel 690 EZ SpeedClic Juego de discos de corte - Kit de accesorios con 10 discos de corte para herramientas rotativas y mandril","https://m.media-amazon.com/images/I/71VWjC2ILbL._AC_UL320_.jpg","https://amazon.com/Dremel-SC690-accesorios-SpeedClic-mandril/dp/B0035PVTHA/ref=sr_1_26?__mk_es_ES=%C3%85M%C3%85%C5%BD%C3%95%C3%91&crid=JM0M4TQV7XI2&keywords=dremel&qid=1662771599&sprefix=dremel%2Caps%2C105&sr=8-26","24,30 €29,28 €"
"Dremel - Juego de 150 manguitos de lija para batería (144 unidades y 6 unidades de rodillos de lija para herramienta giratoria Dremel)","https://m.media-amazon.com/images/I/71GDJTkYy9S._AC_UL320_.jpg","https://amazon.com/Dremel-manguitos-unidades-herramienta-giratoria/dp/B091PRSWNW/ref=sr_1_27?__mk_es_ES=%C3%85M%C3%85%C5%BD%C3%95%C3%91&crid=JM0M4TQV7XI2&keywords=dremel&qid=1662771599&sprefix=dremel%2Caps%2C105&sr=8-27","15,99 €"
"Dremel SC402 EZ SpeedClic Mandrel, SpeedClic Mandrel with 3.2 mm for Quick, Keyless Accessory Change","https://m.media-amazon.com/images/I/41g3xgvFDsL._AC_UL320_.jpg","https://amazon.com/Dremel-2615S402JB-Mandril-SpeedClic-SC402/dp/B0035PZ3BI/ref=sr_1_28?__mk_es_ES=%C3%85M%C3%85%C5%BD%C3%95%C3%91&crid=JM0M4TQV7XI2&keywords=dremel&qid=1662771599&sprefix=dremel%2Caps%2C105&sr=8-28","13,50 €"
"Mini Amoladora Eléctrica, GOXAWEE Multiherramienta con Portabrocas Sin Llave/Eje Flexible 140 Accesorios Herramienta Rotativa multifunción, Velocidad Variable para Manualidad y Creación Bricolaje","https://m.media-amazon.com/images/I/7157yVGAdkL._AC_UL320_.jpg","https://amazon.com/GOXAWEE-Multiherramienta-Herramienta-Multifunci%C3%B3n-Portabrocas/dp/B07FVMLJ73/ref=sr_1_29?__mk_es_ES=%C3%85M%C3%85%C5%BD%C3%95%C3%91&crid=JM0M4TQV7XI2&keywords=dremel&qid=1662771599&sprefix=dremel%2Caps%2C105&sr=8-29","43,99 €"
"GOXAWEE 3.6V Mini Amoladora Eléctrica Inalámbrica, 3 velocidades, Taladro Tnalambrico para Grabar, Cortar, Taladrar, Pulir, Limpiar, Proyectos de Manualidades y Creaciones de Bricolaje","https://m.media-amazon.com/images/I/71FdzKFYYDL._AC_UL320_.jpg","https://amazon.com/GOXAWEE-Inal%C3%A1mbrica-velocidades-Tnalambrico-Manualidades/dp/B09MJYC9V2/ref=sr_1_30?__mk_es_ES=%C3%85M%C3%85%C5%BD%C3%95%C3%91&crid=JM0M4TQV7XI2&keywords=dremel&qid=1662771599&sprefix=dremel%2Caps%2C105&sr=8-30","26,99 €"
"GALAX PRO 135W Amoladora Eléctrica,6 Velocidades Variables (8000-32500 RPM) Mini Herramienta Rotativa, 40 Accesorios, Juego de Taladro con eje Flexible, Mandril Universal con Estuche","https://m.media-amazon.com/images/I/41ltuHw0XnL._AC_UL320_.jpg","https://amazon.com/GALAX-PRO-Velocidades-8000-32500-Herramienta/dp/B08HQB3FFK/ref=sr_1_31?__mk_es_ES=%C3%85M%C3%85%C5%BD%C3%95%C3%91&crid=JM0M4TQV7XI2&keywords=dremel&qid=1662771599&sprefix=dremel%2Caps%2C105&sr=8-31","26,68 €"
"Bestgle Juego de fresas de diamante de corte de 6 mm de acero y metal duro. Juego de fresas Dremel para taladro, pulido, grabado","https://m.media-amazon.com/images/I/515JHTOFH7L._AC_UL320_.jpg","https://amazon.com/Bestgle-fresas-diamante-taladro-grabado/dp/B091TL939N/ref=sr_1_32?__mk_es_ES=%C3%85M%C3%85%C5%BD%C3%95%C3%91&crid=JM0M4TQV7XI2&keywords=dremel&qid=1662771599&sprefix=dremel%2Caps%2C105&sr=8-32","25,25 €"
"Mini amoladora eléctrica, Ginour Multiherramienta 170W Multifunción con 118 accesorios, Mandril triangular, 7 Velocidad Variable para DIY cortar / lijar / grabar / limpiar / pulir","https://m.media-amazon.com/images/I/71vg4b5sn3L._AC_UL320_.jpg","https://amazon.com/sspa/click?ie=UTF8&spc=MTo1ODU1MDA1OTMyOTE3MTgzOjE2NjI3NzE1OTk6c3BfbXRmOjIwMDU5MjQ1NzcxOTk4OjowOjo&sp_csd=d2lkZ2V0TmFtZT1zcF9tdGY&url=%2Faccesorios-herramientas-Herramienta-Multi-herramienta-manualidades%2Fdp%2FB07S7Y39ZF%2Fref%3Dsr_1_33_sspa%3F__mk_es_ES%3D%25C3%2585M%25C3%2585%25C5%25BD%25C3%2595%25C3%2591%26crid%3DJM0M4TQV7XI2%26keywords%3Ddremel%26qid%3D1662771599%26sprefix%3Ddremel%252Caps%252C105%26sr%3D8-33-spons%26psc%3D1","42,99 €"
"361Pcs Juego de Accesorios Multiusos para Herramientas Rotativas, Accesorios de herramientas rotativas, Pulido Lijado Corte Grabado Taladro, Multiherramienta Accesorios para Proyectos Bricolaje","https://m.media-amazon.com/images/I/71AjEoyWHBL._AC_UL320_.jpg","https://amazon.com/sspa/click?ie=UTF8&spc=MTo1ODU1MDA1OTMyOTE3MTgzOjE2NjI3NzE1OTk6c3BfbXRmOjIwMDczMTczMTcwNTk4OjowOjo&sp_csd=d2lkZ2V0TmFtZT1zcF9tdGY&url=%2FAccesorios-Multiusos-Herramientas-herramientas-Multiherramienta%2Fdp%2FB0B6PPC8S2%2Fref%3Dsr_1_34_sspa%3F__mk_es_ES%3D%25C3%2585M%25C3%2585%25C5%25BD%25C3%2595%25C3%2591%26crid%3DJM0M4TQV7XI2%26keywords%3Ddremel%26qid%3D1662771599%26sprefix%3Ddremel%252Caps%252C105%26sr%3D8-34-spons%26psc%3D1","19,99 €"
"WORX 8V Mini Amoladora Inalámbrica WX106, Herramienta Rotatoria sin Cable, Carga USB, Portaherramientas de Tamaño 3,2 mm, Control de Velocidad Variable, Ligero y Compacto, 23 Accesorios","https://m.media-amazon.com/images/I/71+x1wpX4AL._AC_UL320_.jpg","https://amazon.com/sspa/click?ie=UTF8&spc=MTo1ODU1MDA1OTMyOTE3MTgzOjE2NjI3NzE1OTk6c3BfbXRmOjIwMDQwNTI1OTM3OTk4OjowOjo&sp_csd=d2lkZ2V0TmFtZT1zcF9tdGY&url=%2FWORX-Inal%25C3%25A1mbrica-WX106-Herramienta-Portaherramientas%2Fdp%2FB09G95JL5K%2Fref%3Dsr_1_35_sspa%3F__mk_es_ES%3D%25C3%2585M%25C3%2585%25C5%25BD%25C3%2595%25C3%2591%26crid%3DJM0M4TQV7XI2%26keywords%3Ddremel%26qid%3D1662771599%26sprefix%3Ddremel%252Caps%252C105%26sr%3D8-35-spons%26psc%3D1","55,99 €"
"GOXAWEE 3.6V Mini Amoladora Eléctrica Inalámbrica, 3 velocidades, Taladro Tnalambrico para Grabar, Cortar, Taladrar, Pulir, Limpiar, Proyectos de Manualidades y Creaciones de Bricolaje","https://m.media-amazon.com/images/I/71FdzKFYYDL._AC_UL320_.jpg","https://amazon.com/sspa/click?ie=UTF8&spc=MTo1ODU1MDA1OTMyOTE3MTgzOjE2NjI3NzE1OTk6c3BfbXRmOjIwMDUwMTQyODUxNDk4OjowOjo&sp_csd=d2lkZ2V0TmFtZT1zcF9tdGY&url=%2FGOXAWEE-Inal%25C3%25A1mbrica-velocidades-Tnalambrico-Manualidades%2Fdp%2FB09MJYC9V2%2Fref%3Dsr_1_36_sspa%3F__mk_es_ES%3D%25C3%2585M%25C3%2585%25C5%25BD%25C3%2595%25C3%2591%26crid%3DJM0M4TQV7XI2%26keywords%3Ddremel%26qid%3D1662771599%26sprefix%3Ddremel%252Caps%252C105%26sr%3D8-36-spons%26psc%3D1","26,99 €"
"Discos de Corte para Dremel, Mini Disco Corte Diamante & Mini Hoja de Sierra Circular HSS & Mini Disco de Corte de Resina (3mm Mandril) para Accesorios de Dremel para Cortar Madera Piedra Metal","https://m.media-amazon.com/images/I/61E5eUKaEXL._AC_UL320_.jpg","https://amazon.com/Circular-Rotatoria-Herramienta-Diamante-Adecuado/dp/B08XK1YZ9P/ref=sr_1_37?__mk_es_ES=%C3%85M%C3%85%C5%BD%C3%95%C3%91&crid=JM0M4TQV7XI2&keywords=dremel&qid=1662771599&sprefix=dremel%2Caps%2C105&sr=8-37","14,99 €"
"APEXGORGE Mini Amoladora Eléctrica 135W, Herramienta Rotativa Mandril Autoblocante, 172 Accesorios para Manualidad, cortar, lijar y pulir, M6","https://m.media-amazon.com/images/I/81xk4X3s02L._AC_UL320_.jpg","https://amazon.com/APEXFORGE-Herramienta-multifunci%C3%B3n-herramienta-velocidades/dp/B08D3TWWKM/ref=sr_1_38?__mk_es_ES=%C3%85M%C3%85%C5%BD%C3%95%C3%91&crid=JM0M4TQV7XI2&keywords=dremel&qid=1662771599&sprefix=dremel%2Caps%2C105&sr=8-38","49,99 €"
"Mini Amoladora, SPTA 18W Amoladora eléctrica, Kit de herramientas rotatorias multifunción Multiherramienta Mini herramienta con 33 accesorios para los DIY Trabajos de Cortar/Lijar/Pulir -AHMRT18VAC","https://m.media-amazon.com/images/I/61BkrqZkSaL._AC_UL320_.jpg","https://amazon.com/SPTA-Profesional-herramientas-multifunci%C3%B3n-Multiherramienta/dp/B07DK1LQKN/ref=sr_1_39?__mk_es_ES=%C3%85M%C3%85%C5%BD%C3%95%C3%91&crid=JM0M4TQV7XI2&keywords=dremel&qid=1662771599&sprefix=dremel%2Caps%2C105&sr=8-39","22,99 €"
"VONROC Multiherramienta rotante de 160W, eje flexible, con un juego de 40 accesorios y una bolsa para guardar la herramienta","https://m.media-amazon.com/images/I/51iy8fJqgDL._AC_UL320_.jpg","https://amazon.com/VONROC-Herramienta-multifunci%C3%B3n-accesorios-almacenamiento/dp/B07LFJ7GWG/ref=sr_1_40?__mk_es_ES=%C3%85M%C3%85%C5%BD%C3%95%C3%91&crid=JM0M4TQV7XI2&keywords=dremel&qid=1662771599&sprefix=dremel%2Caps%2C105&sr=8-40","33,95 €"
"361Pcs Juego de Accesorios Multiusos para Herramientas Rotativas, Accesorios de herramientas rotativas, Pulido Lijado Corte Grabado Taladro, Multiherramienta Accesorios para Proyectos Bricolaje","https://m.media-amazon.com/images/I/71AjEoyWHBL._AC_UL320_.jpg","https://amazon.com/Accesorios-Multiusos-Herramientas-herramientas-Multiherramienta/dp/B0B6PPC8S2/ref=sr_1_41?__mk_es_ES=%C3%85M%C3%85%C5%BD%C3%95%C3%91&crid=JM0M4TQV7XI2&keywords=dremel&qid=1662771599&sprefix=dremel%2Caps%2C105&sr=8-41","19,99 €"
"Taladro eléctrico pequeño de 0.5-3.2 mm Juego de pinzas de mandril de cobre de 4 mordazas, Juego de mandriles de taladro de micro torsión Mini taladro de torsión Amoladora eléctrica Portabrocas de lat","https://m.media-amazon.com/images/I/51VSSSqBM+L._AC_UL320_.jpg","https://amazon.com/el%C3%A9ctrico-mandriles-Amoladora-el%C3%A9ctrica-Portabrocas/dp/B07XBJM4QD/ref=sr_1_42?__mk_es_ES=%C3%85M%C3%85%C5%BD%C3%95%C3%91&crid=JM0M4TQV7XI2&keywords=dremel&qid=1662771599&sprefix=dremel%2Caps%2C105&sr=8-42","7,03 €"
"Mini Amoladora, POPOMAN 8V Amoladora Electrónica DC, Herramienta Rotativa USB (Type C Linea de datos) Recargable con 58 pcs Accesorios, caja de herramientas, para los DIY Trabajos de Pulir","https://m.media-amazon.com/images/I/81BdeQlg3CL._AC_UL320_.jpg","https://amazon.com/POPOMAN-Electr%C3%B3nica-Herramienta-Recargable-herramientas/dp/B083LVQ1BF/ref=sr_1_43?__mk_es_ES=%C3%85M%C3%85%C5%BD%C3%95%C3%91&crid=JM0M4TQV7XI2&keywords=dremel&qid=1662771599&sprefix=dremel%2Caps%2C105&sr=8-43","39,99 €"
"You's Auto 41pc Rueda De Corte de Diamante,HSS Sierra Circular Hoja,Destornillador Disco de Corte de Resina para Dremel para taladro Dremel (41pc)","https://m.media-amazon.com/images/I/71Sfv3pbkzL._AC_UL320_.jpg","https://amazon.com/Yous-Auto-Diamante-Circular-Destornillador/dp/B07ZJ1N1DB/ref=sr_1_44?__mk_es_ES=%C3%85M%C3%85%C5%BD%C3%95%C3%91&crid=JM0M4TQV7XI2&keywords=dremel&qid=1662771599&sprefix=dremel%2Caps%2C105&sr=8-44","12,99 €"
"MGE escobillas de carbón Gomes, Compatible Dremel 300, 395, 3000, 6000","https://m.media-amazon.com/images/I/31VN1nICqUL._AC_UL320_.jpg","https://amazon.com/Escobillas-carb%C3%B3n-Dremel-3000-6000/dp/B00R7SYAE0/ref=sr_1_45?__mk_es_ES=%C3%85M%C3%85%C5%BD%C3%95%C3%91&crid=JM0M4TQV7XI2&keywords=dremel&qid=1662771599&sprefix=dremel%2Caps%2C105&sr=8-45","10,75 €"
"Convertidor de ángulo recto para accesorios de herramientas Dremel, herramientas rotativas compatibles con el kit de amoladora eléctrica original 4000 3000 8200 275","https://m.media-amazon.com/images/I/51+nJIgdTkL._AC_UL320_.jpg","https://amazon.com/Adaptador-herramientas-accesorios-giratorios-molinillo/dp/B07RBJP146/ref=sr_1_46?__mk_es_ES=%C3%85M%C3%85%C5%BD%C3%95%C3%91&crid=JM0M4TQV7XI2&keywords=dremel&qid=1662771599&sprefix=dremel%2Caps%2C105&sr=8-46","16,07 €"
"Dremel 670 Minisierra Circular - Complemento Herramienta Rotativa para Cortes Finos y Rectos en Madera, Profundidad de Trabajo 6,4mm","https://m.media-amazon.com/images/I/61j-+06y-LS._AC_UL320_.jpg","https://amazon.com/Dremel-670-complemento-minisierra-multiherramienta/dp/B08SVX2B88/ref=sr_1_47?__mk_es_ES=%C3%85M%C3%85%C5%BD%C3%95%C3%91&crid=JM0M4TQV7XI2&keywords=dremel&qid=1662771599&sprefix=dremel%2Caps%2C105&sr=8-47","36,49 €42,81 €"
"Mini Herramienta Rotativa Multifuncional, Ginour 3.7V Herramienta Rotativa Electrónica, Multiherramienta Rotativa USB Recargable, 32 Pcs Accesorios, Proyectos de Manualidades y Creaciones de Bricolaje","https://m.media-amazon.com/images/I/715hehLwM+L._AC_UL320_.jpg","https://amazon.com/Herramienta-Multi-Herramienta-5000-15000-Recargable-Muanualidades/dp/B07TKMC3YR/ref=sr_1_48?__mk_es_ES=%C3%85M%C3%85%C5%BD%C3%95%C3%91&crid=JM0M4TQV7XI2&keywords=dremel&qid=1662771599&sprefix=dremel%2Caps%2C105&sr=8-48","33,99 €35,99 €"
"Dremel 568 - Kit para Quitar Lechada en Paredes y Suelos, Complemento Herramienta Rotativa, Profundidad de Trabajo 7.5 mm","https://m.media-amazon.com/images/I/61siQqFHeQL._AC_UL320_.jpg","https://amazon.com/Dremel-568-eliminaci%C3%B3n-accesorios-eliminar/dp/B08SVZ1931/ref=sr_1_49?__mk_es_ES=%C3%85M%C3%85%C5%BD%C3%95%C3%91&crid=JM0M4TQV7XI2&keywords=dremel&qid=1662771599&sprefix=dremel%2Caps%2C105&sr=8-49","26,08 €"
"Juego de Fresas Rotativas, 10 Piezas Fresas de Metal Duro para Accesorios de Herramientas Rotativas Dremel con Vástago de 1/8" para Bricolaje de Barpintería, Pulido, Taladrado","https://m.media-amazon.com/images/I/71xDTgogq4L._AC_UL320_.jpg","https://amazon.com/tungsteno-rotatorio-molienda-bricolaje-perforaci%C3%B3n/dp/B09F34DVPX/ref=sr_1_50?__mk_es_ES=%C3%85M%C3%85%C5%BD%C3%95%C3%91&crid=JM0M4TQV7XI2&keywords=dremel&qid=1662771599&sprefix=dremel%2Caps%2C105&sr=8-50","14,98 €"
"58 Piezas Rueda Abrasiva Pulidora Discos, mini cepillo de lana montado en el mandril para pulir, disco de pulir abrasivo para herramientas rotativas Dremel, taladro de 3 mm y mango de 1/8 pulgada","https://m.media-amazon.com/images/I/71yph2gmRiL._AC_UL320_.jpg","https://amazon.com/Abrasiva-Pulidora-abrasivo-herramientas-rotativas/dp/B09M3QYZLN/ref=sr_1_51?__mk_es_ES=%C3%85M%C3%85%C5%BD%C3%95%C3%91&crid=JM0M4TQV7XI2&keywords=dremel&qid=1662771599&sprefix=dremel%2Caps%2C105&sr=8-51","19,99 €"
"Mini Amoladora Eléctrica,Vastar Multiherramienta,6 Velocidades,8000-35000 RPM con 212 Accesorios,Herramienta Rotativa Multifuncional para Grabar,Aamolar,Pulir,Taladrar","https://m.media-amazon.com/images/I/71AqnaPpjGL._AC_UL320_.jpg","https://amazon.com/Vastar-Amoladora-El%C3%A9ctrica-Taladros-Electricos/dp/B097H2NMDQ/ref=sr_1_52?__mk_es_ES=%C3%85M%C3%85%C5%BD%C3%95%C3%91&crid=JM0M4TQV7XI2&keywords=dremel&qid=1662771599&sprefix=dremel%2Caps%2C105&sr=8-52","35,99 €40,99 €"
"Dremel 201 - Paquete de 2 puntas de soldar, 2 accesorios VersaTip para soldadura multiuso","https://m.media-amazon.com/images/I/51u7PBnPtaL._AC_UL320_.jpg","https://amazon.com/Dremel-Puntas-de-soldadura-201/dp/B0014GYQHC/ref=sr_1_53?__mk_es_ES=%C3%85M%C3%85%C5%BD%C3%95%C3%91&crid=JM0M4TQV7XI2&keywords=dremel&qid=1662771599&sprefix=dremel%2Caps%2C105&sr=8-53","9,70 €13,56 €"
"DREMEL 8220 5/65 - Multiherramienta inalámbrica + Dremel 225 - Eje flexible","https://m.media-amazon.com/images/I/51Bs7bTArCL._AC_UL320_.jpg","https://amazon.com/DREMEL-8220-65-Multiherramienta-inal%C3%A1mbrica/dp/B07LH2H67D/ref=sr_1_54?__mk_es_ES=%C3%85M%C3%85%C5%BD%C3%95%C3%91&crid=JM0M4TQV7XI2&keywords=dremel&qid=1662771599&sprefix=dremel%2Caps%2C105&sr=8-54","205,56 €"
"Dremel 575 Cabezal Angular - Adaptador de Broca de Àngulo Recto, Complemento Herramienta Rotativa, Profundidad de Trabajo 6 cm","https://m.media-amazon.com/images/I/51wYLTn0vzL._AC_UL320_.jpg","https://amazon.com/Dremel-575-adaptador-taladrado-herramienta/dp/B08SVYGRFM/ref=sr_1_55?__mk_es_ES=%C3%85M%C3%85%C5%BD%C3%95%C3%91&crid=JM0M4TQV7XI2&keywords=dremel&qid=1662771599&sprefix=dremel%2Caps%2C105&sr=8-55","41,92 €"
"Fresas Diamante, 20Pcs Brocas de Diamante Con Vástago de 1/8 Pulgadas, Juego de Brocas de Diamante de Grano 60 para herramientas rotativas - Molienda/Pulido/Grabado","https://m.media-amazon.com/images/I/81YKsCCMXeL._AC_UL320_.jpg","https://amazon.com/Diamante-Accesorios-Herramientas-Rotativas-Bricolaje/dp/B0928BCXYG/ref=sr_1_56?__mk_es_ES=%C3%85M%C3%85%C5%BD%C3%95%C3%91&crid=JM0M4TQV7XI2&keywords=dremel&qid=1662771599&sprefix=dremel%2Caps%2C105&sr=8-56","16,99 €"
"Treki 2 Piezas Portabrocas Sin Llave 4486 Dremel Portabrocas 0.4-3.2mm Mini Portabrocas de Cierre Rápido para Amoladora Eléctrica Herramientas Giratorias","https://m.media-amazon.com/images/I/41qMZm6LAJL._AC_UL320_.jpg","https://amazon.com/Treki-Portabrocas-0-4-3-2mm-Herramientas-Giratorias/dp/B0B4NR37GQ/ref=sr_1_57?__mk_es_ES=%C3%85M%C3%85%C5%BD%C3%95%C3%91&crid=JM0M4TQV7XI2&keywords=dremel&qid=1662771599&sprefix=dremel%2Caps%2C105&sr=8-57","7,59 €"
"Disco de corte de mampostería reforzado Dremel DSM520 para la sierra compacta DSM20, hoja de sierra circular con 20 mm de profundidad de corte para cortes rectos y de inmersión","https://m.media-amazon.com/images/I/71I24xYKBnL._AC_UL320_.jpg","https://amazon.com/DREMEL-discos-sierra-compactos-Dremel/dp/B08YRFHCY8/ref=sr_1_58?__mk_es_ES=%C3%85M%C3%85%C5%BD%C3%95%C3%91&crid=JM0M4TQV7XI2&keywords=dremel&qid=1662771599&sprefix=dremel%2Caps%2C105&sr=8-58","12,17 €"
"Gasea 2pcs de 4486 Dremel Portabrocas Herramientas de Pulido Eléctrico 0,4-3,2 mm, Accesorio de Reemplazo de Portabrocas sin Llave de Cambio Rápido para Herramientas Giratorias","https://m.media-amazon.com/images/I/61NymR8QeGL._AC_UL320_.jpg","https://amazon.com/Portabrocas-Herramientas-El%C3%A9ctrico-Accesorio-Giratorias/dp/B08RMKZM51/ref=sr_1_59?__mk_es_ES=%C3%85M%C3%85%C5%BD%C3%95%C3%91&crid=JM0M4TQV7XI2&keywords=dremel&qid=1662771599&sprefix=dremel%2Caps%2C105&sr=8-59","7,99 €8,22 €"
"Mini Amoladora Eléctrica,Vastar Multiherramienta,6 Velocidades,8000-35000 RPM con 212 Accesorios,Herramienta Rotativa Multifuncional para Grabar,Aamolar,Pulir,Taladrar","https://m.media-amazon.com/images/I/71AqnaPpjGL._AC_UL320_.jpg","https://amazon.com/sspa/click?ie=UTF8&spc=MTo1ODU1MDA1OTMyOTE3MTgzOjE2NjI3NzE1OTk6c3BfYnRmOjIwMDI0NjY4NTYzMzk4OjowOjo&sp_csd=d2lkZ2V0TmFtZT1zcF9idGY&url=%2FVastar-Amoladora-El%25C3%25A9ctrica-Taladros-Electricos%2Fdp%2FB097H2NMDQ%2Fref%3Dsr_1_60_sspa%3F__mk_es_ES%3D%25C3%2585M%25C3%2585%25C5%25BD%25C3%2595%25C3%2591%26crid%3DJM0M4TQV7XI2%26keywords%3Ddremel%26qid%3D1662771599%26sprefix%3Ddremel%252Caps%252C105%26sr%3D8-60-spons%26psc%3D1","35,99 €40,99 €"